{"acc": [126.9, 116.1, {"statistic": 1.870739592304684, "pvalue": 0.09418746637989578}], "total": 296, "matrix": {"MIT": [[26.4, 22.7, [1.113289061273085, 0.2944331673946631]], [39.0, 26.2, [2.2707984032419475, 0.04929867648018594]], [22.4, 26.1, [-1.113289061273085, 0.2944331673946631]], [208.2, 221.0, [-2.2707984032419475, 0.04929867648018594]]], "NUC": [[44.7, 46.0, [-0.2763179125132207, 0.7885443885692971]], [44.3, 55.6, [-1.2424919936538847, 0.24545292270291955]], [40.6, 39.3, [0.2763179125132207, 0.7885443885692971]], [166.4, 155.1, [1.2424919936538847, 0.24545292270291955]]], "CYT": [[53.1, 19.6, [5.060227955246376, 0.0006808297162023341]], [81.0, 22.4, [7.869573429166127, 2.5235123073584193e-05]], [39.4, 72.9, [-5.060227955246376, 0.0006808297162023341]], [122.5, 181.1, [-7.869573429166127, 2.5235123073584193e-05]]], "ME1": [[1.2, 6.3, [-5.074689670070944, 0.0006676167532012637]], [2.1, 6.5, [-2.762014037103336, 0.02203944448715479]], [7.5, 2.4, [5.074689670070944, 0.0006676167532012637]], [285.2, 280.8, [2.762014037103336, 0.02203944448715479]]], "ME2": [[0.0, 3.3, [-5.525641164640881, 0.0003677957268823901]], [0.0, 11.7, [-4.8300211527797625, 0.0009338764949197592]], [10.1, 6.8, [5.525641164640881, 0.0003677957268823901]], [285.9, 274.2, [4.8300211527797625, 0.0009338764949197592]]], "ME3": [[1.5, 11.7, [-2.931486369540503, 0.016716549666926407]], [2.7, 13.1, [-2.5220408433810455, 0.032659104141541336]], [31.1, 20.9, [2.931486369540503, 0.016716549666926407]], [260.7, 250.3, [2.5220408433810455, 0.032659104141541336]]], "EXC": [[0.0, 2.6, [-4.333333333333334, 0.0018958419839849952]], [0.0, 7.2, [-5.21428913552089, 0.0005533970992769602]], [7.0, 4.4, [4.333333333333334, 0.0018958419839849952]], [289.0, 281.8, [5.21428913552089, 0.0005533970992769602]]], "VAC": [[0.0, 0.7, [-2.3333333333333335, 0.044503537305576386]], [0.0, 29.6, [-6.278480400285777, 0.00014463841627521327]], [6.0, 5.3, [2.3333333333333335, 0.044503537305576386]], [290.0, 260.4, [6.278480400285777, 0.00014463841627521327]]], "POX": [[0.0, 2.2, [-5.284229075567876, 0.0005042705761362215]], [0.0, 6.8, [-1.6658751565898602, 0.1300910069024763]], [4.0, 1.8, [5.284229075567876, 0.0005042705761362215]], [292.0, 285.2, [1.6658751565898602, 0.1300910069024763]]], "ERL": [[0.0, 1.0, [-3.8729833462074175, 0.003771557558705979]], [0.0, 0.8, [-2.4494897427831783, 0.03678749787978613]], [1.0, 0.0, [3.8729833462074175, 0.003771557558705979]], [295.0, 294.2, [2.4494897427831783, 0.03678749787978613]]]}}