{"acc": [163.1, 162.5, {"statistic": 0.25496671485153305, "pvalue": 0.8044795121672641}], "total": 294, "matrix": {"1": [[75.3, 70.1, [1.3329925576980932, 0.2152916654605278]], [33.5, 27.2, [1.154479710567432, 0.2780363733316235]], [50.0, 55.2, [-1.3329925576980932, 0.2152916654605278]], [135.2, 141.5, [-1.154479710567432, 0.2780363733316235]]], "2": [[24.1, 39.5, [-8.851939233514463, 9.77694914512203e-06]], [27.5, 54.2, [-9.0, 8.538051223166285e-06]], [42.5, 27.1, [8.851939233514463, 9.77694914512203e-06]], [199.9, 173.2, [9.0, 8.538051223166285e-06]]], "3": [[63.7, 52.9, [3.234183699309123, 0.010253708581839615]], [69.9, 50.1, [4.790322580645162, 0.0009869500827508115]], [38.4, 49.2, [-3.234183699309123, 0.010253708581839615]], [122.0, 141.8, [-4.790322580645162, 0.0009869500827508115]]]}}