{"acc": [364.3, 364.8, {"statistic": -2.9999999999999996, "pvalue": 0.014956363910414203}], "total": 365, "matrix": {"positive": [[24.0, 24.2, [-1.4999999999999998, 0.16785065605707492]], [0.3, 0.0, [1.9639610121239317, 0.0811261888458405]], [0.4, 0.2, [1.4999999999999998, 0.16785065605707492]], [340.3, 340.6, [-1.9639610121239317, 0.0811261888458405]]], "negative": [[340.3, 340.6, [-1.9639610121239317, 0.0811261888458405]], [0.4, 0.2, [1.4999999999999998, 0.16785065605707492]], [0.3, 0.0, [1.9639610121239317, 0.0811261888458405]], [24.0, 24.2, [-1.4999999999999998, 0.16785065605707492]]]}}