{"acc": [285.8, 248.4, {"statistic": 14.856041314373146, "pvalue": 1.2266224436264268e-07}], "total": 296, "matrix": {"positive": [[0.0, 8.0, [-13.01582746911937, 3.8426245789240225e-07]], [0.0, 45.4, [-17.75582171071521, 2.586938267740128e-08]], [10.2, 2.2, [13.01582746911937, 3.8426245789240225e-07]], [285.8, 240.4, [17.75582171071521, 2.586938267740128e-08]]], "negative": [[285.8, 240.4, [17.75582171071521, 2.586938267740128e-08]], [10.2, 2.2, [13.01582746911937, 3.8426245789240225e-07]], [0.0, 45.4, [-17.75582171071521, 2.586938267740128e-08]], [0.0, 8.0, [-13.01582746911937, 3.8426245789240225e-07]]]}}