{"acc": [184.8, 184.4, {"statistic": 0.1528445406338003, "pvalue": 0.88189274264555}], "total": 200, "matrix": {"positive": [[4.9, 17.5, [-5.570884345346505, 0.0003469870735749156]], [0.3, 13.3, [-8.72066511224918, 1.1042067760511447e-05]], [14.9, 2.3, [5.570884345346505, 0.0003469870735749156]], [179.9, 166.9, [8.72066511224918, 1.1042067760511447e-05]]], "negative": [[179.9, 166.9, [8.72066511224918, 1.1042067760511447e-05]], [14.9, 2.3, [5.570884345346505, 0.0003469870735749156]], [0.3, 13.3, [-8.72066511224918, 1.1042067760511447e-05]], [4.9, 17.5, [-5.570884345346505, 0.0003469870735749156]]]}}