{"acc": [999.2, 636.6, {"statistic": 2.522356950475287, "pvalue": 0.03264216929518735}], "total": 1094, "matrix": {"positive": [[19.8, 47.3, [-1.3809489763818923, 0.20061662987976503]], [2.9, 393.0, [-2.4282367366705664, 0.0380925596653699]], [91.9, 64.4, [1.3809489763818923, 0.20061662987976503]], [979.4, 589.3, [2.4282367366705664, 0.0380925596653699]]], "negative": [[979.4, 589.3, [2.4282367366705664, 0.0380925596653699]], [91.9, 64.4, [1.3809489763818923, 0.20061662987976503]], [2.9, 393.0, [-2.4282367366705664, 0.0380925596653699]], [19.8, 47.3, [-1.3809489763818923, 0.20061662987976503]]]}}