{"acc": [432.2, 432.9, {"statistic": -1.9090909090909092, "pvalue": 0.08859039531146629}], "total": 435, "matrix": {"1": [[340.5, 340.4, [0.4285714285714286, 0.6783097418055797]], [0.8, 0.4, [1.8090680674665818, 0.1038881310621017]], [0.7, 0.8, [-0.4285714285714286, 0.6783097418055797]], [93.0, 93.4, [-1.8090680674665818, 0.1038881310621017]]], "2": [[0.0, 0.1, [-1.0, 0.34343639613791355]], [0.0, 0.2, [-1.4999999999999998, 0.16785065605707492]], [0.4, 0.3, [1.0, 0.34343639613791355]], [434.6, 434.4, [1.4999999999999998, 0.16785065605707492]]], "3": [[0.4, 1.0, [-2.25, 0.051003260706950763]], [0.2, 0.2, [0.0, 1.0]], [0.8, 0.2, [2.25, 0.051003260706950763]], [433.6, 433.6, [0.0, 1.0]]], "4": [[67.2, 67.4, [-1.4999999999999998, 0.16785065605707492]], [1.3, 0.7, [1.9639610121239317, 0.0811261888458405]], [0.4, 0.2, [1.4999999999999998, 0.16785065605707492]], [366.1, 366.7, [-1.9639610121239317, 0.0811261888458405]]], "5": [[24.1, 24.0, [0.4285714285714286, 0.6783097418055797]], [0.5, 0.6, [-0.36115755925730764, 0.7263142108887259]], [0.5, 0.6, [-0.4285714285714286, 0.6783097418055797]], [409.9, 409.8, [0.36115755925730764, 0.7263142108887259]]], "6": [[0.0, 0.0, [NaN, NaN]], [0.0, 0.0, [NaN, NaN]], [0.0, 0.0, [NaN, NaN]], [435.0, 435.0, [NaN, NaN]]], "7": [[0.0, 0.0, [NaN, NaN]], [0.0, 0.0, [NaN, NaN]], [0.0, 0.0, [NaN, NaN]], [435.0, 435.0, [NaN, NaN]]]}}