{"acc": [186.4, 184.1, {"statistic": 1.06710955088503, "pvalue": 0.3137092685628029}], "total": 200, "matrix": {"positive": [[7.1, 17.4, [-3.995504077581983, 0.00313160193697164]], [0.9, 13.5, [-7.58430874440346, 3.381379083185649e-05]], [12.7, 2.4, [3.995504077581983, 0.00313160193697164]], [179.3, 166.7, [7.58430874440346, 3.381379083185649e-05]]], "negative": [[179.3, 166.7, [7.58430874440346, 3.381379083185649e-05]], [12.7, 2.4, [3.995504077581983, 0.00313160193697164]], [0.9, 13.5, [-7.58430874440346, 3.381379083185649e-05]], [7.1, 17.4, [-3.995504077581983, 0.00313160193697164]]]}}