{"acc": [459.2, 459.6, {"statistic": -0.5970223141259936, "pvalue": 0.5652072679166222}], "total": 461, "matrix": {"positive": [[64.4, 65.3, [-1.5359763347691506, 0.1589187502814889]], [0.5, 1.0, [-2.9999999999999996, 0.014956363910414203]], [1.3, 0.4, [1.5359763347691506, 0.1589187502814889]], [394.8, 394.3, [2.9999999999999996, 0.014956363910414203]]], "negative": [[394.8, 394.3, [2.9999999999999996, 0.014956363910414203]], [1.3, 0.4, [1.5359763347691506, 0.1589187502814889]], [0.5, 1.0, [-2.9999999999999996, 0.014956363910414203]], [64.4, 65.3, [-1.5359763347691506, 0.1589187502814889]]]}}