{"acc": [161.9, 159.4, {"statistic": 0.836177041509925, "pvalue": 0.4246986419344887}], "total": 294, "matrix": {"1": [[76.3, 66.8, [2.7044912368257985, 0.02421494168846751]], [37.1, 24.6, [2.715894295685011, 0.02376702508168653]], [49.0, 58.5, [-2.7044912368257985, 0.02421494168846751]], [131.6, 144.1, [-2.715894295685011, 0.02376702508168653]]], "2": [[25.4, 41.7, [-5.360694995542663, 0.00045589764644331964]], [30.7, 64.1, [-5.119713484699464, 0.0006282210642437706]], [41.2, 24.9, [5.360694995542663, 0.00045589764644331964]], [196.7, 163.3, [5.119713484699464, 0.0006282210642437706]]], "3": [[60.2, 50.9, [3.810494153872747, 0.004149976941086521]], [64.3, 45.9, [5.950985291648988, 0.00021507899302660542]], [41.9, 51.2, [-3.810494153872747, 0.004149976941086521]], [127.6, 146.0, [-5.950985291648988, 0.00021507899302660542]]]}}