{"acc": [459.4, 458.8, {"statistic": 1.1078234188139944, "pvalue": 0.29666503692409923}], "total": 461, "matrix": {"positive": [[64.8, 65.2, [-1.176696810829104, 0.26949945378301204]], [0.7, 1.7, [-1.6770509831248426, 0.1278464542686661]], [0.9, 0.5, [1.176696810829104, 0.26949945378301204]], [394.6, 393.6, [1.6770509831248426, 0.1278464542686661]]], "negative": [[394.6, 393.6, [1.6770509831248426, 0.1278464542686661]], [0.9, 0.5, [1.176696810829104, 0.26949945378301204]], [0.7, 1.7, [-1.6770509831248426, 0.1278464542686661]], [64.8, 65.2, [-1.176696810829104, 0.26949945378301204]]]}}