{"acc": [224.8, 209.9, {"statistic": 4.735796624763261, "pvalue": 0.001065195324675876}], "total": 296, "matrix": {"positive": [[32.7, 60.5, [-12.578741978930982, 5.150020022396584e-07]], [18.6, 61.3, [-16.320126673940536, 5.4113174900337385e-08]], [52.6, 24.8, [12.578741978930982, 5.150020022396584e-07]], [192.1, 149.4, [16.320126673940536, 5.4113174900337385e-08]]], "negative": [[192.1, 149.4, [16.320126673940536, 5.4113174900337385e-08]], [52.6, 24.8, [12.578741978930982, 5.150020022396584e-07]], [18.6, 61.3, [-16.320126673940536, 5.4113174900337385e-08]], [32.7, 60.5, [-12.578741978930982, 5.150020022396584e-07]]]}}