{"acc": [364.2, 364.3, {"statistic": -0.36115755925730764, "pvalue": 0.7263142108887259}], "total": 365, "matrix": {"positive": [[24.1, 24.1, [0.0, 1.0]], [0.5, 0.4, [0.4285714285714286, 0.6783097418055797]], [0.3, 0.3, [0.0, 1.0]], [340.1, 340.2, [-0.4285714285714286, 0.6783097418055797]]], "negative": [[340.1, 340.2, [-0.4285714285714286, 0.6783097418055797]], [0.3, 0.3, [0.0, 1.0]], [0.5, 0.4, [0.4285714285714286, 0.6783097418055797]], [24.1, 24.1, [0.0, 1.0]]]}}