{"acc": [432.5, 432.6, {"statistic": -0.2307692307692308, "pvalue": 0.8226545408271233}], "total": 435, "matrix": {"1": [[340.6, 340.4, [0.4803844614152614, 0.6424151377207892]], [0.9, 0.7, [1.4999999999999998, 0.16785065605707492]], [0.6, 0.8, [-0.4803844614152614, 0.6424151377207892]], [92.9, 93.1, [-1.4999999999999998, 0.16785065605707492]]], "2": [[0.1, 0.1, [NaN, NaN]], [0.2, 0.0, [1.4999999999999998, 0.16785065605707492]], [0.3, 0.3, [NaN, NaN]], [434.4, 434.6, [-1.4999999999999998, 0.16785065605707492]]], "3": [[0.7, 0.9, [-1.4999999999999998, 0.16785065605707492]], [0.2, 0.5, [-1.4055638569974547, 0.1934220596033321]], [0.5, 0.3, [1.4999999999999998, 0.16785065605707492]], [433.6, 433.3, [1.4055638569974547, 0.1934220596033321]]], "4": [[67.2, 67.2, [NaN, NaN]], [0.6, 0.7, [-0.317999364001908, 0.7577400727729552]], [0.4, 0.4, [NaN, NaN]], [366.8, 366.7, [0.317999364001908, 0.7577400727729552]]], "5": [[23.9, 24.0, [-1.0, 0.34343639613791355]], [0.6, 0.5, [1.0, 0.34343639613791355]], [0.7, 0.6, [1.0, 0.34343639613791355]], [409.8, 409.9, [-1.0, 0.34343639613791355]]], "6": [[0.0, 0.0, [NaN, NaN]], [0.0, 0.0, [NaN, NaN]], [0.0, 0.0, [NaN, NaN]], [435.0, 435.0, [NaN, NaN]]], "7": [[0.0, 0.0, [NaN, NaN]], [0.0, 0.0, [NaN, NaN]], [0.0, 0.0, [NaN, NaN]], [435.0, 435.0, [NaN, NaN]]]}}