{"acc": [285.8, 249.9, {"statistic": 13.624182138177302, "pvalue": 2.593749148222725e-07}], "total": 296, "matrix": {"positive": [[0.0, 7.9, [-13.482458938529211, 2.8383326528761486e-07]], [0.0, 43.8, [-18.443127071356763, 1.8533345581813738e-08]], [10.2, 2.3, [13.482458938529211, 2.8383326528761486e-07]], [285.8, 242.0, [18.443127071356763, 1.8533345581813738e-08]]], "negative": [[285.8, 242.0, [18.443127071356763, 1.8533345581813738e-08]], [10.2, 2.3, [13.482458938529211, 2.8383326528761486e-07]], [0.0, 43.8, [-18.443127071356763, 1.8533345581813738e-08]], [0.0, 7.9, [-13.482458938529211, 2.8383326528761486e-07]]]}}