{"acc": [126.8, 108.8, {"statistic": 2.7322953332351236, "pvalue": 0.02313746030073405}], "total": 296, "matrix": {"MIT": [[22.5, 22.9, [-0.07070576816634397, 0.9451781375578223]], [31.3, 24.7, [0.873476521189127, 0.405106284020482]], [26.3, 25.9, [0.07070576816634397, 0.9451781375578223]], [215.9, 222.5, [-0.873476521189127, 0.405106284020482]]], "NUC": [[42.9, 52.0, [-1.669826279126588, 0.12929339856721309]], [46.9, 72.1, [-1.74620525849551, 0.11472653187890156]], [42.4, 33.3, [1.669826279126588, 0.12929339856721309]], [163.8, 138.6, [1.74620525849551, 0.11472653187890156]]], "CYT": [[56.3, 11.4, [11.496036743399614, 1.1087526102716004e-06]], [83.6, 11.9, [9.623318265466544, 4.921076768297542e-06]], [36.2, 81.1, [-11.496036743399614, 1.1087526102716004e-06]], [119.9, 191.6, [-9.623318265466544, 4.921076768297542e-06]]], "ME1": [[2.4, 6.6, [-3.9146295258075603, 0.0035397469411763416]], [3.5, 7.0, [-2.1682925396065524, 0.05827530690696451]], [6.3, 2.1, [3.9146295258075603, 0.0035397469411763416]], [283.8, 280.3, [2.1682925396065524, 0.05827530690696451]]], "ME2": [[0.0, 2.3, [-2.3515137092389393, 0.043197828491207305]], [0.0, 12.2, [-3.375602475430627, 0.008183881975313325]], [10.1, 7.8, [2.3515137092389393, 0.043197828491207305]], [285.9, 273.7, [3.375602475430627, 0.008183881975313325]]], "ME3": [[2.7, 8.3, [-2.668347939557142, 0.025691912283686263]], [3.9, 22.3, [-1.9696205660405488, 0.0803911732278941]], [29.9, 24.3, [2.668347939557142, 0.025691912283686263]], [259.5, 241.1, [1.9696205660405488, 0.0803911732278941]]], "EXC": [[0.0, 1.5, [-5.581563056514381, 0.00034226399836478194]], [0.0, 7.9, [-3.661787736158896, 0.005220999872723724]], [7.0, 5.5, [5.581563056514381, 0.00034226399836478194]], [289.0, 281.1, [3.661787736158896, 0.005220999872723724]]], "VAC": [[0.0, 0.5, [-2.23606797749979, 0.052177242798819065]], [0.0, 16.6, [-3.097772189792935, 0.01276827710429647]], [6.0, 5.5, [2.23606797749979, 0.052177242798819065]], [290.0, 273.4, [3.097772189792935, 0.01276827710429647]]], "POX": [[0.0, 2.3, [-5.437961803049794, 0.00041207399676333013]], [0.0, 11.2, [-1.8012525817657066, 0.10518192837406483]], [4.0, 1.7, [5.437961803049794, 0.00041207399676333013]], [292.0, 280.8, [1.8012525817657066, 0.10518192837406483]]], "ERL": [[0.0, 1.0, [-3.8729833462074175, 0.003771557558705979]], [0.0, 1.3, [-3.0736305843324923, 0.013275877464573012]], [1.0, 0.0, [3.8729833462074175, 0.003771557558705979]], [295.0, 293.7, [3.0736305843324923, 0.013275877464573012]]]}}