{"acc": [1005.8, 814.6, {"statistic": 1.6839794903504768, "pvalue": 0.1264727029001531}], "total": 1094, "matrix": {"positive": [[27.4, 28.3, [-0.048310741599469166, 0.9625236886047529]], [3.9, 196.0, [-1.4766844576905396, 0.17387268736953843]], [84.3, 83.4, [0.048310741599469166, 0.9625236886047529]], [978.4, 786.3, [1.4766844576905396, 0.17387268736953843]]], "negative": [[978.4, 786.3, [1.4766844576905396, 0.17387268736953843]], [84.3, 83.4, [0.048310741599469166, 0.9625236886047529]], [3.9, 196.0, [-1.4766844576905396, 0.17387268736953843]], [27.4, 28.3, [-0.048310741599469166, 0.9625236886047529]]]}}