{"acc": [224.7, 211.5, {"statistic": 5.5042487453226885, "pvalue": 0.000378102055757029}], "total": 296, "matrix": {"positive": [[31.2, 60.5, [-11.126582278481012, 1.4617512059536272e-06]], [17.2, 59.7, [-31.43599663599804, 1.636505363418845e-10]], [54.1, 24.8, [11.126582278481012, 1.4617512059536272e-06]], [193.5, 151.0, [31.43599663599804, 1.636505363418845e-10]]], "negative": [[193.5, 151.0, [31.43599663599804, 1.636505363418845e-10]], [54.1, 24.8, [11.126582278481012, 1.4617512059536272e-06]], [17.2, 59.7, [-31.43599663599804, 1.636505363418845e-10]], [31.2, 60.5, [-11.126582278481012, 1.4617512059536272e-06]]]}}